	Training_Loss	Training_Accuracy	ConfusionMatrix	Testing_Accuracy	Precision	Recall	fScore	Support
Logistic Regression	-0.6163332133805249	0.6730537280701754	"[[671 258]
 [167 241]]"	0.6821241585639491	0.641840961158594	0.6564841490955908	0.6454508073719527	
Decision Tree	-0.6172442215090232	0.663623903508772	"[[685 244]
 [161 247]]"	0.6970830216903515	0.6563738306057498	0.6713720741256675	0.6606652148709833	
Random Forest	-0.6026712414782824	0.6751370614035088	"[[603 326]
 [135 273]]"	0.6551982049364248	0.6364163850319638	0.6591013423668715	0.6328299384810228	
Gradient Boosting	-0.5550424912052556	0.6950932017543859	"[[703 226]
 [124 284]]"	0.7382198952879581	0.7034616022950897	0.7264030477637772	0.7097098773703356	
Neural Network	0.5687259577629074	0.7161595225334167	"[[712 217]
 [165 243]]"	0.7142857142857143	0.6700597392295871	0.6810018679161653	0.6741953345479228	
# Dataset -columba
# Preprocessing technique -MinMax & undersampling
