	Training_Loss	Training_Accuracy	ConfusionMatrix	Testing_Accuracy	Precision	Recall	fScore	Support
Logistic Regression	-0.13029996305162736	0.9642802839795032	"[[379   0]
 [ 13   8]]"	0.9675	0.9834183673469388	0.6904761904761905	0.7674314593675924	
Decision Tree	-0.42430384491482054	0.945024964830567	"[[379   0]
 [ 21   0]]"	0.9475	0.47375	0.5	0.4865211810012837	
Random Forest	-0.12593752447566584	0.94929026991173	"[[379   0]
 [ 21   0]]"	0.9475	0.47375	0.5	0.4865211810012837	
Gradient Boosting	-0.09403762399137898	0.9707140670442369	"[[377   2]
 [  8  13]]"	0.975	0.922943722943723	0.806885287096369	0.8545666084933101	
Neural Network	0.12624707369666013	0.9635714292526245	"[[379   0]
 [ 15   6]]"	0.9625	0.9809644670050761	0.6428571428571428	0.7125197642662068	
# Dataset -tf
# Preprocessing technique -MinMaxScaler & PCA
