	Training_Loss	Training_Accuracy	ConfusionMatrix	Testing_Accuracy	Precision	Recall	fScore	Support
Logistic Regression	-0.634838489921401	0.6544023227268435	"[[1014  513]
 [3222 5867]]"	0.648172569706104	0.5794846235136359	0.6547763537219045	0.5552247044171464	
Decision Tree	-0.6152351077572276	0.666195354546313	"[[ 998  529]
 [2887 6202]]"	0.6782215523737755	0.5891469328700052	0.6679661930053118	0.576440424098529	
Random Forest	-0.6224318098104478	0.6594518144336387	"[[1000  527]
 [2938 6151]]"	0.6736058779201206	0.5875100825295829	0.6658154826789985	0.573101218795136	
Gradient Boosting	-0.5501874074498067	0.7220600037767916	"[[1115  412]
 [2661 6428]]"	0.7105312735493594	0.6175260494102488	0.7187092164272637	0.6137990562424928	
Neural Network	0.5972175130694853	0.6873947381973267	"[[1133  394]
 [3345 5744]]"	0.6477957799547852	0.5944122243629513	0.6869752241945923	0.5659007699577424	
# Dataset -jdt
# Preprocessing technique -MinMax & undersampling
