	Training_Loss	Training_Accuracy	ConfusionMatrix	Testing_Accuracy	Precision	Recall	fScore	Support
Logistic Regression	-0.6093068338329859	0.6646799015081564	"[[20555  7383]
 [  625   920]]"	0.7283858494725775	0.540647176686311	0.6656027644198748	0.5119020066367143	
Decision Tree	-0.5655265368336614	0.7071402739304402	"[[21725  6213]
 [  568   977]]"	0.7700030526065869	0.5552021606038731	0.7049885889258717	0.5443507252931069	
Random Forest	-0.5714078698092735	0.7108895044629117	"[[20283  7655]
 [  450  1095]]"	0.725095817928976	0.5517191640655683	0.717369146800092	0.523099177697348	
Gradient Boosting	-0.48877145615369944	0.76346837488458	"[[21479  6459]
 [  363  1182]]"	0.7686124207170234	0.5690362185330222	0.76692902522715	0.5601525746596586	
Neural Network	0.5680349909769709	0.7118479609489441	"[[21299  6639]
 [  506  1039]]"	0.7576569548553403	0.556058005794929	0.7174292892190081	0.540833999301133	
# Dataset -mozilla
# Preprocessing technique -MinMax & undersampling
