	Training_Loss	Training_Accuracy	ConfusionMatrix	Testing_Accuracy	Precision	Recall	fScore	Support
Logistic Regression	-0.6203552088072961	0.6445056012358826	"[[9621 6818]
 [ 847 1989]]"	0.6023346303501945	0.572464909955645	0.6432972464514063	0.5283972056517268	
Decision Tree	-0.5942576317644742	0.6698232559840213	"[[10439  6000]
 [  827  2009]]"	0.645810635538262	0.5887180456958405	0.671703198412458	0.5620378503712923	
Random Forest	-0.603902689459299	0.6827434629395177	"[[10748  5691]
 [  857  1979]]"	0.6602853437094682	0.5920853866994119	0.6758124406758808	0.5716234364844475	
Gradient Boosting	-0.5224726321412454	0.7333011869775266	"[[11916  4523]
 [  712  2124]]"	0.7284046692607004	0.6315800045357117	0.7369018908301503	0.6339291804281129	
Neural Network	0.591119693594443	0.6794891357421875	"[[12328  4111]
 [ 1156  1680]]"	0.7267444876783398	0.6021870494221718	0.6711538001197914	0.6067282285109038	
# Dataset -platform
# Preprocessing technique -MinMax & undersampling
