	Training_Loss	Training_Accuracy	ConfusionMatrix	Testing_Accuracy	Precision	Recall	fScore	Support
Logistic Regression	-0.13342871516784321	0.9600442077948583	"[[379   0]
 [ 15   6]]"	0.9625	0.9809644670050761	0.6428571428571428	0.7125197642662068	
Decision Tree	-0.30448693967318885	0.9500643254393445	"[[368  11]
 [ 11  10]]"	0.945	0.7235833647443146	0.7235833647443146	0.7235833647443146	
Random Forest	-0.12747584231036674	0.9471610796469208	"[[379   0]
 [ 21   0]]"	0.9475	0.47375	0.5	0.4865211810012837	
Gradient Boosting	-0.09246478185292947	0.9721876480578455	"[[379   0]
 [ 11  10]]"	0.9725	0.985897435897436	0.7380952380952381	0.8154284995175971	
Neural Network	0.1288702386714119	0.9471428394317627	"[[379   0]
 [ 21   0]]"	0.9475	0.47375	0.5	0.4865211810012837	
# Dataset -tempest_full
# Preprocessing technique -MinMaxScaler
