	Training_Loss	Training_Accuracy	ConfusionMatrix	Testing_Accuracy	Precision	Recall	fScore	Support
Logistic Regression	-0.5999905441444793	0.6869944445308974	"[[3659  935]
 [ 628  908]]"	0.7450244698205547	0.6730927999588909	0.6938097473153388	0.6807217085838437	
Decision Tree	-0.557921759445293	0.7042918722086491	"[[3139 1455]
 [ 406 1130]]"	0.6964110929853181	0.6613049136141295	0.7094798128900015	0.6598792056926219	
Random Forest	-0.5741484194877081	0.6952288324177962	"[[3430 1164]
 [ 521 1015]]"	0.7251223491027733	0.6669723270225476	0.7037166628120011	0.6746210191158044	
Gradient Boosting	-0.505143573177709	0.7461555220117957	"[[3573 1021]
 [ 426 1110]]"	0.7639477977161501	0.7071777916323285	0.7502049208206356	0.7185033156058209	
Neural Network	0.5483961451071918	0.7206251621246338	"[[3765  829]
 [ 600  936]]"	0.766884176182708	0.6964272850286694	0.7144611177622986	0.7037982347737222	
# Dataset -postgres
# Preprocessing technique -MinMax & undersampling
